{
  "static": {
    "1": 23.831771524806392,
    "2": 21.50505518137423,
    "3": 24.86830061864123,
    "4": 12.283246421631004,
    "6": 13.013781471224648
  },
  "best_static_k": 3,
  "best_static_tok_s": 24.86830061864123,
  "adaptive_tok_s": 15.826230103626198,
  "adaptive_vs_static": 0.636401752830786,
  "n_max_traj": [
    [
      3,
      0.94
    ],
    [
      8,
      0.63
    ],
    [
      4,
      0.81
    ],
    [
      4,
      0.71
    ],
    [
      3,
      0.48
    ],
    [
      2,
      0.48
    ],
    [
      2,
      0.57
    ],
    [
      2,
      0.5
    ],
    [
      2,
      0.82
    ],
    [
      2,
      1.0
    ],
    [
      5,
      0.0
    ],
    [
      2,
      0.0
    ],
    [
      1,
      0.0
    ],
    [
      1,
      0.0
    ],
    [
      1,
      0.0
    ]
  ]
}