{
  "vanilla": {
    "tok_s": 6.010449226084039,
    "n": 200,
    "ttft_ms": 2683.037,
    "latency_ms": 35958.42
  },
  "self_draft": {
    "tok_s": 12.045066133134478,
    "n": 200,
    "ttft_ms": 2684.903,
    "latency_ms": 19289.212,
    "accept_pct": 76.24309392265194,
    "draft_n": 181
  },
  "speedup": 2.0040209442018937,
  "equivalence": {
    "identical": false,
    "sha_a": "b3abf8a0132a",
    "sha_b": "3e19db8470ba",
    "common_prefix_chars": 286,
    "len_a": 612,
    "len_b": 613,
    "similarity": 0.991
  },
  "price_per_hr": 0.0,
  "cost_per_mtok": {
    "vanilla": null,
    "self_draft": null
  }
}