{
  "vanilla": {
    "tok_s": 5.986175585963531,
    "n": 200,
    "ttft_ms": 2777.588,
    "latency_ms": 36187.901000000005
  },
  "self_draft": {
    "tok_s": 12.00947523577152,
    "n": 200,
    "ttft_ms": 2685.847,
    "latency_ms": 19339.364,
    "accept_pct": 76.24309392265194,
    "draft_n": 181
  },
  "speedup": 2.0062016329643764,
  "equivalence": {
    "identical": false,
    "sha_a": "b3abf8a0132a",
    "sha_b": "3e19db8470ba",
    "common_prefix_chars": 286,
    "len_a": 612,
    "len_b": 613,
    "similarity": 0.991
  },
  "price_per_hr": 0.0,
  "cost_per_mtok": {
    "vanilla": null,
    "self_draft": null
  }
}