{
  "vanilla_tok_s": 5.989136380383826,
  "grid": [
    {
      "n_max": 1,
      "tok_s": 7.74287874134086,
      "speedup": 1.2928205753839657,
      "accept_pct": 90.36144578313252
    },
    {
      "n_max": 2,
      "tok_s": 9.205315471339194,
      "speedup": 1.537002146334369,
      "accept_pct": 81.66666666666667
    },
    {
      "n_max": 3,
      "tok_s": 12.11183829242459,
      "speedup": 2.0223013007508737,
      "accept_pct": 77.62237762237763
    },
    {
      "n_max": 4,
      "tok_s": 7.533820024385093,
      "speedup": 1.257914254392429,
      "accept_pct": 70.3030303030303
    }
  ],
  "best_n_max": 3
}